TS_Machine,hr
1555570881.13984,76.79644
1555570881.88987,79.99628
1555570882.68678,75.29063
1555570883.49932,73.84273
1555570884.2181,83.47441
1555570884.99939,76.79644
1555570885.78068,76.79644
1555570891.99971,72.44947
1555570892.79663,75.29063
1555570893.57791,76.79646
1555570894.37482,75.29063
1555570895.20299,72.44947
1555570895.98427,76.79644
1555570896.70306,83.47441
1555570897.49997,75.29063
1555570898.26563,78.36371
1555570898.98441,83.47439
1555570907.78169,71.10783
1555570908.64111,69.81495
1555570909.37552,81.69833
1555570910.20368,72.44947
1555570917.82904,76.79644
1555570918.56344,81.69833
1555570919.39161,72.44947
1555570920.18852,75.29065
1555570920.98543,75.29063
1555570921.76672,76.79644
1555570922.59488,72.44947
1555570923.42304,72.44947
1555570924.26683,71.10782
1555570925.03249,78.36374
1555570925.87628,71.10782
1555570926.72007,71.10782
1555570927.57949,69.81495
1555570928.3764,75.29063
1555570929.15768,76.79644
1555570929.98585,72.44947
1555570930.76713,76.79646
1555570931.50154,81.69833
1555570932.29846,75.29063
1555570933.11099,73.84273
1555570933.86103,79.99632
1555570934.61106,79.99628
1555570935.40797,75.29063
1555570936.25176,71.10782
1555570949.12736,81.69833
1555570949.86177,81.69836
1555570950.64305,76.79644
1555570951.45559,73.84273
1555570952.2525,75.29063
1555570953.06504,73.84273
1555570953.87758,73.84273
1555570954.72137,71.10783
1555570955.50265,76.79644
1555570956.28394,76.79644
1555570957.14336,69.81495
1555570957.94027,75.29063
1555570958.70593,78.36374
1555570959.54972,71.10782
1555570960.48726,63.99702
1555570961.45606,61.93262
1555570962.4561,59.99723
1555570963.40927,62.94791
1555570964.25306,71.10782
1555570965.03435,76.79644
1555570965.86251,72.44947
1555570966.7063,71.10782
1555570967.64384,63.99704
1555570968.59701,62.94791
1555570969.42517,72.44947
1555570970.31584,67.3653
1555570971.15963,71.10782
1555570971.97217,73.84275
1555570972.78471,73.84273
1555570973.64412,69.81495
1555570974.55041,66.20383
1555570975.47233,65.08173
1555570976.33174,69.81495
1555570977.23804,66.20383
1555570978.14433,66.20383
1555570979.01937,68.56825
1555570979.91004,67.3653
1555570980.83195,65.08173
1555570981.67574,71.10782
1555570982.55078,68.56825
1555570983.34769,75.29063
1555570984.12898,76.79644
1555570984.92589,75.29063
1555570985.67593,79.99632
1555570986.45721,76.79644
1555570987.2385,76.79644
1555570988.01979,76.79644
1555570988.83232,73.84273
1555570989.58236,79.99632
1555570990.37927,75.29063
1555570991.17618,75.29063
1555570992.05122,68.56825
1555570992.94189,67.3653
1555570993.87943,63.99704
1555570994.73885,69.81495
1555570995.62951,67.3653
1555570996.45768,72.44947
1555570997.34834,67.3653
1555570998.16088,73.84273
1555570998.89529,81.69836
1555570999.67658,76.79644
1555571000.44224,78.36371
1555571001.25477,73.84273
1555571002.19232,63.99704
1555571003.08298,67.3653
1555571004.02053,63.99704
1555571004.95807,63.99704
1555571005.83311,68.56825
1555571006.72378,67.3653
1555571007.64569,65.08173
1555571008.52074,68.56825
1555571009.39578,68.56825
1555571010.27082,68.56825
1555571011.19273,65.08173
1555571012.0834,67.3653
1555571012.97407,67.3653
1555571013.86473,67.3653
1555571014.73977,68.56825
1555571015.61481,68.56825
1555571016.48985,68.56825
1555571017.36489,68.56825
1555571018.28681,65.08173
1555571019.11498,72.44947
1555571019.99002,68.56825
1555571020.84943,69.81495
1555571021.75572,66.20383
1555571022.58389,72.44947
1555571023.4433,69.81495
1555571024.31834,68.56825
1555571025.19338,68.56825
1555571026.00592,73.84273
1555571026.86533,69.81496
1555571027.70912,71.10782
1555571028.58416,68.56825
1555571029.41233,72.44947
1555571030.27174,69.81495
1555571031.16241,67.3653
1555571032.03745,68.56825
1555571032.86561,72.44947
1555571033.69378,72.44947
1555571034.55319,69.81495
1555571035.36573,73.84273
1555571036.16264,75.29065
1555571036.97518,73.84273
1555571037.85022,68.56825
1555571038.70963,69.81495
1555571039.56905,69.81495
1555571040.44409,68.56825
1555571041.33475,67.3653
1555571042.14729,73.84273
1555571043.00671,69.81495
1555571043.86612,69.81495
1555571044.74116,68.56825
1555571045.5537,73.84273
1555571046.42874,68.56825
1555571047.30378,68.56825
1555571048.19445,67.3653
1555571049.00699,73.84275
1555571049.81952,73.84273
1555571050.66331,71.10782
1555571051.52273,69.81495
1555571052.35089,72.44947
1555571053.2103,69.81495
1555571054.06972,69.81495
1555571054.91351,71.10782
1555571055.72605,73.84273
1555571056.55421,72.44947
1555571057.398,71.10783
1555571058.27304,68.56825
1555571059.08558,73.84273
1555571059.92937,71.10782
1555571060.77316,71.10782
1555571061.57007,75.29063
1555571062.36698,75.29063
1555571063.21077,71.10782
1555571064.07018,69.81496
1555571064.88272,73.84273
1555571065.71088,72.44947
1555571066.53905,72.44947
1555571067.30471,78.36371
1555571068.13287,72.44947
1555571068.97666,71.10782
1555571069.82045,71.10783
1555571070.63299,73.84273
1555571071.4924,69.81495
1555571072.36744,68.56825
1555571073.14873,76.79644
1555571073.99252,71.10782
1555571074.83631,71.10782
1555571075.6801,71.10782
1555571076.46138,76.79646
1555571077.28955,72.44947
1555571078.13333,71.10782
1555571078.93025,75.29063
1555571079.77404,71.10782
1555571080.80533,58.17913
1555571089.66512,68.56825
1555571090.50891,71.10782
1555571091.38395,68.56825
1555571092.29024,66.20383
1555571093.19653,66.20383
1555571094.05595,69.81495
1555571094.93099,68.56825
1555571095.8529,65.08173
1555571096.68107,72.44947
1555571097.50923,72.44947
1555571098.36865,69.81495
1555571099.24369,68.56825
1555571100.07185,72.44947
1555571100.93127,69.81495
1555571101.82193,67.3653
1555571102.65009,72.44947
1555571103.50951,69.81495
1555571104.36892,69.81495
1555571105.25959,67.3653
1555571106.08775,72.44949
1555571106.93154,71.10782
1555571107.82221,67.3653
1555571108.65037,72.44947
1555571109.47854,72.44947
1555571110.29107,73.84273
1555571111.10361,73.84273
1555571111.8849,76.79646
1555571112.69743,73.84273
1555571113.54122,71.10782
1555571114.43189,67.3653
1555571115.26005,72.44947
1555571116.15072,67.3653
1555571117.08826,63.99704
1555571118.01018,65.08173
1555571118.85397,71.10782
1555571119.74464,67.3653
1555571120.65093,66.20383
1555571121.51034,69.81495
1555571122.35413,71.10782
1555571123.22917,68.56825
1555571124.15109,65.08173
1555571125.02613,68.56825
1555571125.9168,67.3653
1555571126.80746,67.3653
1555571127.71376,66.20383
1555571128.57317,69.81495
1555571129.43259,69.81495
1555571130.30763,68.56825
1555571131.18267,68.56825
1555571132.02646,71.10782
1555571132.88587,69.81495
1555571133.74528,69.81495
1555571134.57345,72.44947
1555571135.41724,71.10782
1555571136.3079,67.3653
1555571137.19857,67.3653
1555571138.01111,73.84273
1555571138.8549,71.10783
1555571139.68306,72.44947
1555571140.5581,68.56825
1555571141.35501,75.29063
1555571142.18318,72.44947
1555571143.04259,69.81495
1555571143.93326,67.3653
1555571144.74579,73.84273
1555571145.58958,71.10782
1555571146.41775,72.44949
1555571147.30841,67.36528
1555571148.10532,75.29065
1555571148.93349,72.44947
1555571149.77728,71.10782
1555571150.68357,66.20383
1555571151.52736,71.10782
1555571152.38677,69.81495
1555571153.27744,67.3653
1555571154.16811,67.3653
1555571154.99627,72.44947
1555571155.84006,71.10782
1555571156.7151,68.56825
1555571157.59014,68.56825
1555571158.40268,73.84273
1555571159.23084,72.44949
1555571160.10588,68.56825
1555571160.91842,73.84273
1555571161.76221,71.10782
1555571162.62162,69.81495
1555571163.52791,66.20383
1555571164.40295,68.56825
1555571165.29362,67.3653
1555571166.19991,66.20383
1555571167.12183,65.08173
1555571167.98125,69.81495
1555571168.85629,68.56825
1555571169.74695,67.3653
1555571170.63762,67.3653
1555571171.45016,73.84273
1555571172.29395,71.10782
1555571173.15336,69.81495
1555571173.93465,76.79644
1555571174.76281,72.44947
1555571175.6066,71.10783
1555571176.40351,75.29063
1555571177.2473,71.10782
1555571178.18484,63.99704
1555571179.04426,69.81495
1555571179.93492,67.3653
1555571180.82559,67.3653
1555571181.70063,68.56825
1555571182.52879,72.44947
1555571183.38821,69.81495
1555571184.26325,68.56825
1555571185.12266,69.81495
1555571185.98208,69.81495
1555571186.85712,68.56825
1555571187.77904,65.08173
1555571188.62283,71.10782
1555571189.46662,71.10782
1555571190.32603,69.81495
1555571191.2167,67.3653
1555571192.06049,71.10782
1555571192.93553,68.56825
1555571193.81057,68.56825
1555571194.71686,66.20383
1555571195.56065,71.10782
1555571196.42006,69.81496
1555571197.27948,69.81495
1555571198.18577,66.20383
1555571199.04518,69.81495
1555571199.9046,69.81495
1555571200.77964,68.56825
1555571201.67031,67.3653
1555571202.54535,68.56825
1555571203.37351,72.44947
1555571204.24855,68.56825
1555571205.15484,66.20383
1555571206.02988,68.56825
1555571206.90492,68.56825
1555571207.79559,67.3653
1555571208.70188,66.20383
1555571209.5613,69.81495
1555571210.38946,72.44947
1555571211.21762,72.44947
1555571212.07704,69.81495
1555571212.88958,73.84273
1555571213.70211,73.84275
1555571214.53028,72.44947
1555571215.38969,69.81495
1555571216.15535,78.36371
1555571216.99914,71.10782
1555571217.85856,69.81495
1555571218.65547,75.29063
1555571219.51488,69.81495
1555571220.38992,68.56825
1555571221.29621,66.20383
1555571222.10875,73.84275
1555571222.92129,73.84273
1555571223.76508,71.10782
1555571224.59324,72.44947
1555571225.40578,73.84273
1555571226.24957,71.10782
1555571227.12461,68.56825
1555571228.01528,67.3653
1555571228.84344,72.44947
1555571229.68723,71.10782
1555571230.56227,68.56825
1555571231.40606,71.10783
1555571232.20297,75.29063
1555571233.03113,72.44947
1555571233.95305,65.08173
1555571234.78121,72.44947
1555571235.65625,68.56825
1555571236.5313,68.56825
1555571237.35946,72.44947
1555571238.172,73.84273
1555571249.56315,76.79646
1555571250.36006,75.29063
1555571251.04759,87.26867
1555571251.76638,83.47441
1555571252.45391,87.26867
1555571253.09456,93.65421
1555571253.71959,95.99553
1555571254.3915,89.2982
1555571255.0009,98.45695
1555571255.64156,93.65421
1555571256.31346,89.29817
1555571256.93849,95.99557
1555571257.59477,91.42432
1555571258.34481,79.99632
1555571259.06359,83.47439
1555571259.82925,78.36371
1555571260.64179,73.84273
1555571261.45432,73.84275
1555571262.28249,72.44947
1555571263.11065,72.44947
1555571263.90756,75.29063
1555571264.73573,72.44947
1555571265.54826,73.84273
1555571266.37643,72.44949
1555571267.15771,76.79644
1555571267.86087,85.32937
1555571268.59528,81.69836
1555571269.31406,83.47439
1555571270.03285,83.47439
1555571270.78288,79.99632
1555571271.61104,72.44947
1555571272.50171,67.3653
1555571273.43925,63.99704
1555571274.31429,68.56825
1555571275.22059,66.20383
1555571276.11125,67.3653
1555571277.01755,66.20381
1555571277.90821,67.3653
1555571278.84575,63.99704
1555571279.75205,66.20383
1555571280.59584,71.10782
1555571281.39275,75.29065
1555571282.22091,72.44947
1555571283.09595,68.56825
1555571284.00224,66.20383
1555571284.92416,65.08173
1555571285.84608,65.08173
1555571286.73675,67.3653
1555571287.62741,67.3653
1555571288.50245,68.56825
1555571289.39312,67.3653
1555571290.22128,72.44947
1555571291.04944,72.44947
1555571291.83073,76.79644
1555571292.64327,73.84273
1555571293.44018,75.29063
1555571294.28397,71.10782
1555571295.01838,81.69836
1555571295.79966,76.79644
1555571296.62783,72.44947
1555571297.47162,71.10782
1555571298.28416,73.84273
1555571299.12794,71.10783
1555571299.95611,72.44947
1555571300.78427,72.44947
1555571301.59681,73.84273
1555571302.4406,71.10782
1555571303.28439,71.10782
1555571304.12818,71.10782
1555571304.90946,76.79644
1555571305.722,73.84275
1555571306.56579,71.10782
1555571307.4252,69.81495
1555571308.25337,72.44947
1555571309.01903,78.36371
1555571309.92532,66.20383
1555571310.80036,68.56825
1555571311.62852,72.44947
1555571312.45669,72.44947
1555571313.28485,72.44949
1555571314.14426,69.81495
1555571314.94118,75.29063
1555571315.78497,71.10782
1555571316.62875,71.10782
1555571317.45692,72.44947
1555571318.25383,75.29063
1555571319.09762,71.10782
1555571319.97266,68.56825
1555571320.83207,69.81496
1555571321.64461,73.84273
1555571322.4884,71.10782
1555571323.34782,69.81495
1555571324.16035,73.84273
1555571324.94164,76.79644
1555571325.72293,76.79644
1555571326.51984,75.29065
1555571327.2855,78.36371
1555571328.08241,75.29063
1555571328.89495,73.84273
1555571329.75436,69.81495
1555571330.59815,71.10782
1555571331.45757,69.81496
1555571332.34823,67.3653
1555571333.2389,67.36528
1555571334.09831,69.81496
1555571334.9421,71.10782
1555571335.81714,68.56825
1555571336.67656,69.81495
1555571337.4891,73.84273
1555571338.31726,72.44947
1555571339.16105,71.10782
1555571340.03609,68.56825
1555571340.86425,72.44947
1555571341.70804,71.10782
1555571342.58308,68.56825
1555571343.47375,67.3653
1555571344.33316,69.81495
1555571345.2082,68.56825
1555571346.09887,67.3653
1555571346.97391,68.56825
1555571347.80207,72.44949
1555571348.64586,71.10782
1555571349.47403,72.44947
1555571350.31781,71.10782
1555571351.14598,72.44947
1555571351.98977,71.10782
1555571352.89606,66.20383
1555571353.73985,71.10782
1555571354.61489,68.56825
1555571355.48993,68.56825
1555571356.33372,71.10782
1555571357.16188,72.44947
1555571358.00567,71.10783
1555571358.83383,72.44947
1555571359.64637,73.84273
1555571360.50579,69.81495
1555571361.34958,71.10782
1555571362.20899,69.81495
1555571363.03715,72.44947
1555571363.86532,72.44947
1555571364.63098,78.36374
1555571365.38101,79.99628
1555571366.14667,78.36371
1555571366.86546,83.47441
1555571367.58424,83.47439
1555571368.2874,85.32937
1555571368.99055,85.3294
1555571369.75622,78.36371
1555571370.56875,73.84273
1555571371.42817,69.81495
1555571372.1782,79.99632
1555571373.08449,66.20381
1555571373.95953,68.56827
1555571374.80332,71.10782
1555571375.61586,73.84273
1555571376.44402,72.44947
1555571377.27219,72.44947
1555571378.05347,76.79644
1555571378.81913,78.36374
1555571379.63167,73.84273
1555571380.41296,76.79644
1555571381.20987,75.29063
1555571382.05366,71.10782
1555571382.97558,65.08173
1555571383.78812,73.84273
1555571384.55378,78.36374
1555571385.30381,79.99628
1555571386.03822,81.69833
1555571386.78825,79.99632
1555571387.50704,83.47439
1555571388.25707,79.99628
1555571389.13211,68.56825
1555571389.92902,75.29063
1555571390.83532,66.20383
1555571391.53847,85.3294
1555571392.35101,73.84273
1555571393.16355,73.84273
1555571393.92921,78.36371
1555571411.75816,106.6617
1555571412.43007,89.2982
1555571417.18029,75.29063
1555571418.00845,72.44947
1555571418.83661,72.44947
1555571419.6804,71.10782
1555571420.50857,72.44947
1555571421.3211,73.84275
1555571422.13364,73.84273
1555571422.8993,78.36371
1555571423.68059,76.79644
1555571424.49313,73.84273
1555571425.32129,72.44947
1555571426.19633,68.56827
1555571427.10262,66.20381
1555571428.04016,63.99704
1555571428.94646,66.20383
1555571429.884,63.99704
1555571430.77467,67.3653
1555571431.63408,69.81495
1555571432.52475,67.3653
1555571433.39979,68.56825
1555571434.27483,68.56825
1555571435.18112,66.20383
1555571436.05616,68.56825
1555571436.9312,68.56825
1555571437.82187,67.3653
1555571438.68128,69.81495
1555571439.55632,68.56825
1555571440.36886,73.84273
1555571441.19702,72.44949
1555571442.02519,72.44947
1555571442.8846,69.81495
1555571443.80652,65.08173
1555571444.57218,78.36371
1555571445.41597,71.10782
1555571446.30664,67.3653
1555571447.21293,66.20383
1555571448.08797,68.56825
1555571448.96301,68.56825
1555571449.83805,68.56825
1555571450.74434,66.20383
1555571451.54125,75.29063
1555571452.36942,72.44947
1555571453.19758,72.44949
1555571453.99449,75.29063
1555571459.07285,69.81495
1555571459.94789,68.56825
1555571460.80731,69.81495
1555571461.6511,71.10782
1555571462.49488,71.10783
1555571463.36993,68.56825
1555571464.26059,67.3653
1555571465.08876,72.44947
1555571465.9638,68.56825
1555571466.87009,66.20383
1555571467.77638,66.20383
1555571468.62017,71.10782
1555571469.49521,68.56825
1555571470.35462,69.81495
1555571471.22966,68.56825
1555571472.05783,72.44947
1555571472.93287,68.56825
1555571473.83916,66.20383
1555571474.76108,65.08173
1555571475.63612,68.56825
1555571476.55804,65.08173
1555571477.47995,65.08173
1555571478.37062,67.3653
1555571479.21441,71.10782
1555571480.07382,69.81495
1555571480.90199,72.44947
1555571481.73015,72.44947
1555571482.57394,71.10782
1555571483.44898,68.56825
1555571484.32402,68.56825
1555571485.18344,69.81495
1555571486.05848,68.56825
1555571486.93352,68.56825
1555571487.76168,72.44947
1555571488.58984,72.44949
1555571489.46488,68.56825
1555571490.33992,68.56825
1555571491.15246,73.84273
1555571491.99625,71.10782
1555571492.84004,71.10782
1555571493.6682,72.44947
1555571494.48074,73.84273
1555571495.32453,71.10782
1555571496.13707,73.84275
1555571496.98086,71.10782
1555571497.74652,78.36371
1555571498.59031,71.10782
1555571499.44972,69.81495
1555571500.27788,72.44947
1555571501.0748,75.29063
1555571501.90296,72.44947
1555571502.74675,71.10783
1555571503.57491,72.44947
1555571504.38745,73.84273
1555571505.21561,72.44947
1555571506.07503,69.81495
1555571506.90319,72.44947
1555571507.73136,72.44947
1555571508.57514,71.10782
1555571509.41893,71.10783
1555571510.2471,72.44947
1555571511.05963,73.84273
1555571511.90342,71.10782
1555571512.74721,71.10782
1555571513.55975,73.84273
1555571514.37229,73.84273
1555571515.24733,68.56825
1555571516.10674,69.81495
1555571516.91928,73.84275
1555571517.7787,69.81495
1555571522.73205,72.44947
1555571523.57584,71.10783
1555571524.41963,71.10782
1555571525.32592,66.20383
1555571526.06033,81.69833
1555571526.79474,81.69833
1555571527.57602,76.79646
1555571528.26356,87.26867
1555571528.93546,89.29817
1555571529.65425,83.47441
1555571530.26365,98.45695
1555571531.04493,76.79646
1555571539.9516,76.79646
1555571540.76413,73.84273
1555571541.60792,71.10782
1555571542.45171,71.10782
1555571543.31113,69.81495
1555571544.17054,69.81495
1555571545.02996,69.81495
1555571545.95188,65.08173
1555571546.85817,66.20383
1555571547.76446,66.20383
1555571548.65513,67.3653
1555571549.57704,65.08173
1555571550.53021,62.94791
1555571551.42088,67.3653
1555571552.32717,66.20383
1555571553.23346,66.20383
1555571554.17101,63.99702
1555571555.0773,66.20383
1555571555.95234,68.56825
1555571556.843,67.3653
1555571557.73367,67.3653
1555571558.65559,65.08173
1555571559.57751,65.08173
1555571560.51505,63.99704
1555571561.46822,62.94791
1555571562.39014,65.08173
1555571563.29643,66.20383
1555571564.23397,63.99704
1555571565.20277,61.93262
1555571566.14031,63.99702
1555571567.07785,63.99704
1555571567.99977,65.08173
1555571568.95294,62.94791
1555571569.90611,62.94791
1555571570.79678,67.3653
1555571571.70307,66.20383
1555571572.65624,62.94791
1555571573.57815,65.08173
1555571574.40632,72.44947
1555571575.26573,69.81495
1555571576.12515,69.81495
1555571576.92206,75.29063
1555571577.71897,75.29063
1555571578.54713,72.44947
1555571579.3128,78.36374
1555571580.12533,73.84273
1555571580.9535,72.44947
1555571581.78166,72.44947
1555571582.60982,72.44947
1555571583.48486,68.56825
1555571584.31303,72.44947
1555571585.20369,67.3653
1555571586.03186,72.44947
1555571586.89127,69.81496
1555571587.78194,67.3653
1555571588.62573,71.10782
1555571589.46952,71.10782
1555571590.34456,68.56825
1555571591.18835,71.10782
1555571591.98526,75.29063
1555571592.84467,69.81495
1555571593.70409,69.81495
1555571594.53225,72.44947
1555571595.36041,72.44947
1555571596.18858,72.44949
1555571597.03237,71.10782
1555571597.82928,75.29063
1555571598.67307,71.10782
1555571599.54811,68.56825
1555571600.43877,67.3653
1555571601.29819,69.81495
1555571602.1576,69.81495
1555571603.0639,66.20383
1555571603.90768,71.10782
1555571604.73585,72.44947
1555571605.54839,73.84273
1555571606.37655,72.44949
1555571607.22034,71.10782
1555571608.03288,73.84273
1555571608.89229,69.81495
1555571609.76733,68.56825
1555571610.61112,71.10782
1555571611.48616,68.56825
1555571612.34558,69.81495
1555571613.20499,69.81495
1555571614.01753,73.84273
1555571614.86132,71.10782
1555571615.70511,71.10782
1555571616.58015,68.56825
1555571617.42394,71.10783
1555571618.29898,68.56825
1555571619.15839,69.81495
1555571620.03343,68.56825
1555571620.87722,71.10782
1555571621.76789,67.3653
1555571622.65855,67.3653
1555571623.51797,69.81495
1555571624.34613,72.44947
1555571625.15867,73.84273
1555571626.01808,69.81495
1555571626.84625,72.44947
1555571627.67441,72.44947
1555571628.53382,69.81495
1555571629.39324,69.81496
1555571630.20578,73.84273
1555571631.04957,71.10782
1555571631.89336,71.10782
1555571632.72152,72.44947
1555571633.51843,75.29063
1555571634.33097,73.84273
1555571635.15913,72.44947
1555571636.00292,71.10783
1555571636.81546,73.84273
1555571637.64362,72.44947
1555571638.47179,72.44947
1555571639.29995,72.44947
1555571640.11249,73.84273
1555571640.95628,71.10782
1555571641.80006,71.10782
1555571642.64385,71.10783
1555571643.45639,73.84273
1555571644.28455,72.44947
1555571645.14397,69.81495
1555571646.01901,68.56825
1555571646.83155,73.84273
1555571647.67534,71.10782
1555571648.51913,71.10782
1555571649.36291,71.10782
1555571650.1442,76.79646
1555571650.94111,75.29063
1555571651.70677,78.36371
1555571652.44118,81.69833
1555571653.22247,76.79646
1555571654.03501,73.84273
1555571654.87879,71.10782
1555571655.69133,73.84273
1555571656.582,67.3653
1555571657.50392,65.08173
1555571658.37896,68.56825
1555571659.22275,71.10782
1555571660.09779,68.56825
1555571660.94158,71.10782
1555571661.76974,72.44947
1555571662.5979,72.44949
1555571663.41044,73.84273
1555571664.28548,68.56825
1555571665.12927,71.10782
1555571665.97306,71.10782
1555571666.81685,71.10782
1555571667.64501,72.44947
1555571668.44192,75.29063
1555571669.23883,75.29065
1555571670.1295,67.36528
1555571670.89516,78.36374
1555571671.73895,71.10782
1555571672.59837,69.81495
1555571673.48903,67.3653
1555571674.33282,71.10782
1555571675.16098,72.44947
1555571676.00477,71.10782
1555571676.89544,67.3653
1555571677.77048,68.56825
1555571678.61427,71.10782
1555571679.48931,68.56825
1555571680.34872,69.81495
1555571681.19251,71.10783
1555571682.00505,73.84273
1555571682.83321,72.44947
1555571683.69263,69.81495
1555571684.53642,71.10782
1555571685.3177,76.79644
1555571686.14587,72.44947
1555571686.98966,71.10782
1555571687.8647,68.56825
1555571688.69286,72.44949
1555571689.55228,69.81495
1555571690.42732,68.56825
1555571691.30236,68.56825
1555571692.14615,71.10782
1555571693.02119,68.56825
1555571693.91185,67.3653
1555571694.77127,69.81495
1555571695.66193,67.3653
1555571696.56823,66.20383
1555571697.47452,66.20383
1555571698.33393,69.81495
1555571699.20897,68.56825
1555571700.08401,68.56825
1555571700.9278,71.10782
1555571701.74034,73.84273
1555571702.58413,71.10782
1555571703.44354,69.81495
1555571704.28733,71.10782
1555571705.13112,71.10782
1555571705.99054,69.81495
1555571706.84995,69.81496
1555571707.67812,72.44947
1555571708.5219,71.10782
1555571709.39694,68.56825
1555571710.22511,72.44947
1555571711.05327,72.44947
1555571711.89706,71.10782
1555571712.7721,68.56825
1555571713.58464,73.84273
1555571714.42843,71.10782
1555571715.33472,66.20383
1555571716.25664,65.08173
1555571717.11605,69.81495
1555571718.00672,67.3653
1555571718.86613,69.81495
1555571719.77243,66.20383
1555571720.61621,71.10782
1555571721.46,71.10783
1555571722.28817,72.44947
1555571723.14758,69.81495
1555571723.86636,83.47439
1555571724.6789,73.84273
1555571725.36643,87.2687
1555571726.14772,76.79644
1555571726.88213,81.69833
1555571727.69467,73.84273
1555571728.52283,72.44949
1555571729.35099,72.44947
1555571730.21041,69.81495
1555571731.02295,73.84273
1555571731.96049,63.99704
1555571732.7574,75.29063
1555571733.58557,72.44947
1555571734.41373,72.44947
1555571735.24189,72.44947
1555571736.02318,76.79646
1555571736.89822,68.56825
1555571737.78888,67.3653
1555571738.63267,71.10782
1555571739.49209,69.81495
1555571740.36713,68.56825
1555571741.30467,63.99704
1555571742.14846,71.10782
1555571743.03913,67.3653
1555571743.92979,67.3653
1555571744.83609,66.20383
1555571745.72675,67.3653
1555571746.6643,63.99704
1555571747.60184,63.99702
1555571748.53938,63.99704
1555571749.43005,67.3653
1555571750.30509,68.56825
1555571751.21138,66.20383
1555571752.11767,66.20383
1555571752.97709,69.81495
1555571753.86775,67.3653
1555571754.78967,65.08173
1555571755.72722,63.99704
1555571756.58663,69.81495
1555571757.4773,67.3653
1555571758.38359,66.20383
1555571759.28988,66.20383
1555571760.1493,69.81495
1555571761.02434,68.56825
1555571761.93063,66.20383
1555571762.82129,67.3653
1555571763.68071,69.81495
1555571764.57138,67.3653
1555571765.44642,68.56825
1555571766.32146,68.56825
1555571767.18087,69.81495
1555571768.08716,66.20383
1555571768.99345,66.20383
1555571769.83724,71.10782
1555571770.6029,78.36374
1555571771.43107,72.44947
1555571772.24361,73.84273
1555571773.04052,75.29063
1555571773.79055,79.99628
1555571774.61872,72.44947
1555571775.4625,71.10783
1555571776.30629,71.10782
1555571777.19696,67.3653
1555571778.05637,69.81495
1555571778.93142,68.56825
1555571779.79083,69.81495
1555571780.71275,65.08173
1555571781.65029,63.99704
1555571782.55658,66.20383
1555571783.416,69.81495
1555571784.29104,68.56825
1555571785.1817,67.3653
1555571786.05675,68.56825
1555571786.86928,73.84273
1555571787.7287,69.81495
1555571788.58811,69.81495
1555571789.46315,68.56825
1555571790.33819,68.56825
1555571791.24449,66.20383
1555571792.1664,65.08173
1555571793.0727,66.20383
1555571793.96336,67.3653
1555571794.85403,67.3653
1555571795.76032,66.20383
1555571796.65099,67.3653
1555571797.52603,68.56825
1555571798.41669,67.3653
1555571799.32298,66.20383
1555571800.22928,66.20383
1555571801.08869,69.81495
1555571801.96373,68.56825
1555571802.88565,65.08173
1555571803.82319,63.99702
1555571804.71386,67.3653
1555571805.62015,66.20383
1555571806.54207,65.08173
1555571807.46399,65.08173
1555571808.33903,68.56825
1555571809.24532,66.20383
1555571810.16724,65.08173
1555571811.07353,66.20383
1555571811.9642,67.3653
1555571812.87049,66.20383
1555571813.7924,65.08173
1555571814.6987,66.20383
1555571815.52686,72.44947
1555571816.4019,68.56825
1555571817.27694,68.56825
1555571818.12073,71.10782
1555571818.98014,69.81495
1555571819.87081,67.3653
1555571820.79273,65.08173
1555571821.66777,68.56825
1555571822.57406,66.20383
1555571823.48035,66.20383
1555571824.38665,66.20383
1555571825.23043,71.10782
1555571826.1211,67.3653
1555571827.01177,67.3653
1555571827.88681,68.56825
1555571828.74622,69.81495
1555571829.66814,65.08173
1555571830.62131,62.94791
1555571831.5276,66.20383
1555571832.43389,66.20383
1555571833.37144,63.99704
1555571834.30898,63.99704
1555571835.18402,68.56825
1555571836.05906,68.56825
1555571836.9341,68.56825
1555571837.82477,67.3653
1555571838.77794,62.94791
1555571839.6686,67.3653
1555571840.54364,68.56825
1555571841.44994,66.20381
1555571842.35623,66.20383
1555571843.24689,67.3653
1555571844.07506,72.44949
1555571880.35799,76.79646
1555571881.23303,68.56825
1555571882.17057,63.99704
1555571882.99873,72.44947
1555571890.65534,78.36371
1555571891.45225,75.29065
1555571892.26479,73.84273
1555571893.01482,79.99628
1555571893.88986,68.56825
1555571894.88991,59.99723
1555571895.85871,61.93262
1555571896.765,66.20383
1555571897.67129,66.20383
1555571898.54633,68.56825
1555571899.32762,76.79644
1555571900.17141,71.10782
1555571901.03082,69.81495
1555571901.89023,69.81495
1555571902.74965,69.81495
1555571903.65594,66.20383
1555571904.59349,63.99704
1555571905.42165,72.44947
1555571906.29669,68.56825
1555571907.20298,66.20383
1555571908.04677,71.10782
1555571908.89056,71.10782
1555571909.7656,68.56825
1555571910.70314,63.99704
1555571911.57818,68.56825
1555571912.46885,67.3653
1555571913.35952,67.3653
1555571914.25018,67.3653
1555571915.07835,72.44947
1555571915.96901,67.3653
1555571916.92218,62.94791
1555571917.85972,63.99704
1555571918.76602,66.20383
1555571919.73481,61.93262
1555571920.71923,60.94955
1555571921.6099,67.3653
1555571922.50056,67.3653
1555571923.43811,63.99704
1555571924.36003,65.08173
1555571925.21944,69.81495
1555571926.14136,65.08173
1555571927.09453,62.94791
1555571928.00082,66.20383
1555571928.90711,66.20383
1555571929.84465,63.99704
1555571930.65719,73.84273
1555571931.43848,76.79644
1555571932.18851,79.99632
1555571933.04793,69.81495
1555571936.54809,79.99632
1555571937.22,89.29817
1555571937.8919,89.2982
1555571938.54818,91.42432
1555571939.20446,91.42435
1555571939.84512,93.65418
1555571946.15791,91.42435
1555571946.82982,89.29817
1555571947.5486,83.47441
1555571948.28301,81.69833
1555571949.01742,81.69836
1555571949.78308,78.36371
1555571950.51749,81.69833
1555571951.26752,79.99628
1555571952.04881,76.79646
1555571952.86135,73.84273
1555571953.70513,71.10782
1555571954.51767,73.84273
1555571955.34584,72.44947
1555571956.22088,68.56825
1555571957.06467,71.10782
1555571957.83033,78.36374
1555571958.62724,75.29063
1555571959.42415,75.29063
1555571960.25231,72.44947
1555571961.0336,76.79644
1555571961.84614,73.84275
1555571962.72118,68.56825
1555571963.61184,67.3653
1555571964.47126,69.81495
1555571965.3463,68.56825
1555571966.19009,71.10782
1555571967.06513,68.56825
1555571967.87767,73.84273
1555571968.72146,71.10782
1555571969.61212,67.3653
1555571970.51841,66.20383
1555571971.3622,71.10782
1555571972.20599,71.10782
1555571973.06541,69.81495
1555571973.95607,67.3653
1555571974.76861,73.84273
1555571975.64365,68.56825
1555571976.53432,67.3653
1555571977.45623,65.08173
1555571978.30002,71.10782
1555571979.15944,69.81495
1555571980.0501,67.3653
1555571980.9564,66.20383
1555571981.78456,72.44947
1555571982.64397,69.81496
1555571983.56589,65.08172
1555571984.44093,68.56825
1555571985.25347,73.84275
1555571986.11289,69.81495
1555571986.98793,68.56825
1555571987.81609,72.44947
1555571988.65988,71.10782
1555571989.51929,69.81495
1555571990.44121,65.08173
1555571991.285,71.10782
1555571992.12879,71.10782
1555571993.00383,68.56825
1555571993.91012,66.20383
1555571994.76954,69.81495
1555571995.64458,68.56825
1555571996.48837,71.10782
1555571997.33216,71.10782
1555571997.98844,91.42435
1555571998.8166,72.44947
1555571999.4885,89.2982
1555572006.59821,95.99553
1555572007.27012,89.2982
1555572007.91077,93.65418
1555572008.55142,93.65421
1555572009.20771,91.42435
1555572009.86399,91.42432
1555572010.50464,93.65421
1555572011.12967,95.99553
1555572011.7547,95.99557
1555572012.4266,89.29817
1555572013.05163,95.99557
1555572013.69229,93.65418
1555572014.37982,87.2687
1555572015.12985,79.99628
1555572015.89551,78.36371
1555572016.62992,81.69836
1555572017.39558,78.36371
1555572018.20812,73.84273
1555572019.05191,71.10782
1555572019.8957,71.10782
1555572020.67699,76.79646
1555572021.48952,73.84273
1555572022.34894,69.81495
1555572023.27086,65.08173
1555572024.09902,72.44947
1555572024.97406,68.56825
1555572025.88035,66.20383
1555572026.78664,66.20383
1555572027.67731,67.3653
1555572028.56798,67.3653
1555572029.48989,65.08173
1555572030.39619,66.20383
1555572031.28685,67.3653
1555572032.16189,68.56825
1555572033.05256,67.3653
1555572033.97448,65.08173
1555572034.84952,68.56825
1555572035.72456,68.56825
1555572036.5996,68.56825
1555572037.49026,67.3653
1555572038.31843,72.44947
1555572039.19347,68.56825
1555572040.06851,68.56825
1555572040.92792,69.81495
1555572041.74046,73.84273
1555572042.56863,72.44947
1555572043.42804,69.81495
1555572044.27183,71.10782
1555572045.08437,73.84275
1555572045.8969,73.84273
1555572046.69382,75.29063
1555572047.53761,71.10782
1555572048.38139,71.10782
1555572049.19393,73.84273
1555572050.00647,73.84273
1555572050.86588,69.81495
1555572051.67842,73.84275
1555572052.47533,75.29063
1555572053.39725,65.08173
1555572054.3348,63.99704
1555572066.03846,67.3653
1555572091.36776,91.42435
1555572092.02404,91.42432
1555572092.68032,91.42435
1555572093.32098,93.65421
1555572093.99288,89.29817
1555572094.68041,87.26867
1555572095.41482,81.69836
1555572096.18048,78.36371
1555572096.9774,75.29063
1555572097.78993,73.84273
1555572098.57122,76.79646
1555572099.33688,78.36371
1555572100.14942,73.84273
1555572100.96195,73.84273
1555572101.77449,73.84273
1555572102.60266,72.44949
1555572103.44644,71.10782
1555572117.61898,69.81495
1555572118.43151,73.84273
1555572119.29093,69.81495
1555572120.15034,69.81495
1555572121.00976,69.81495
1555572121.80667,75.29063
1555572146.65157,91.42432
1555572147.47973,72.44947
1555572148.27665,75.29063
1555572149.18294,66.20383
1555572157.90209,75.29065
1555572158.73025,72.44947
1555572159.57404,71.10782
1555572160.38658,73.84273
1555572161.246,69.81495
1555572162.10541,69.81495
1555572162.98045,68.56825
1555572163.76174,76.79644
1555572164.57428,73.84275
1555572165.32431,79.99628
1555572166.15247,72.44947
1555572166.94939,75.29063
1555572167.84005,67.3653
1555572168.74634,66.20383
1555572169.57451,72.44947
1555572170.40267,72.44947
1555572171.26209,69.81495
1555572172.15275,67.3653
1555572172.96529,73.84275
1555572173.74658,76.79644
1555572174.52786,76.79644
1555572175.24664,83.47439
1555572175.9498,85.3294
1555572176.66859,83.47439
1555572177.40299,81.69836
1555572178.16866,78.36371
1555572178.90306,81.69833
1555572179.69998,75.29063
1555572180.52814,72.44949
1555572181.38755,69.81495
1555572182.23134,71.10782
1555572183.04388,73.84273
1555572183.87204,72.44947
1555572184.71583,71.10782
1555572185.544,72.44947
1555572186.32528,76.79644
1555572187.13782,73.84275
1555572187.96598,72.44947
1555572188.8254,69.81495
1555572189.63794,73.84273
1555572190.49735,69.81495
1555572191.40364,66.20383
1555572192.27868,68.56825
1555572193.09122,73.84273
1555572193.91938,72.44947
1555572194.76317,71.10782
1555572195.56009,75.29065
1555572196.357,75.29063
1555572197.18516,72.44947
1555572198.04458,69.81495
1555572198.85711,73.84273
1555572199.7009,71.10782
1555572200.56032,69.81495
1555572201.45098,67.3653
1555572202.2479,75.29063
1555572203.09168,71.10783
1555572203.9511,69.81495
1555572204.81051,69.81495
1555572205.62305,73.84273
1555572206.46684,71.10782
1555572207.31063,71.10782
1555572208.09192,76.79644
1555572208.93571,71.10782
1555572209.81075,68.56825
1555572210.73266,65.08173
1555572211.57645,71.10782
1555572212.42024,71.10783
1555572213.29528,68.56825
1555572214.18595,67.3653
1555572215.01411,72.44947
1555572215.87353,69.81495
1555572216.77982,66.20383
1555572217.70174,65.08173
1555572218.57678,68.56825
1555572219.43619,69.81495
1555572220.29561,69.81495
1555572221.18627,67.3653
1555572222.01444,72.44947
1555572222.88948,68.56825
1555572223.79577,66.20383
1555572224.62393,72.44947
1555572225.42084,75.29063
1555572226.15525,81.69833
1555572226.85841,85.3294
1555572227.48344,95.99553
1555572235.60882,91.42432
1555572236.29635,87.2687
1555572237.01513,83.47439
1555572237.78079,78.36371
1555572238.5777,75.29063
1555572239.40587,72.44949
1555572240.2184,73.84273
1555572240.98406,78.36371
1555572241.78098,75.29063
1555572242.59351,73.84273
1555572243.4373,71.10782
1555572244.29672,69.81496
1555572245.12488,72.44947
1555572245.90617,76.79644
1555572246.7187,73.84273
1555572247.53124,73.84273
1555572248.32815,75.29063
1555572249.14069,73.84275
1555572250.03136,67.3653
1555572250.9689,63.99702
1555572251.87519,66.20383
1555572252.75023,68.56825
1555572253.59402,71.10783
1555572254.46906,68.56825
1555572255.29723,72.44947
1555572256.15664,69.81495
1555572257.01606,69.81495
1555572257.93797,65.08173
1555572258.87552,63.99704
1555572259.78181,66.20383
1555572260.60997,72.44947
1555572261.46939,69.81495
1555572262.34443,68.56825
1555572263.18822,71.10782
1555572264.00076,73.84273
1555572264.84454,71.10782
1555572265.68833,71.10782
1555572266.50087,73.84273
1555572267.36029,69.81495
1555572268.2197,69.81495
1555572269.12599,66.20383
1555572270.00103,68.56825
1555572270.84482,71.10783
1555572271.73549,67.3653
1555572272.65741,65.08172
1555572273.5637,66.20383
1555572274.40749,71.10782
1555572275.29815,67.3653
1555572276.18882,67.3653
1555572277.00136,73.84275
1555572277.78264,76.79644
1555572278.61081,72.44947
1555572279.48585,68.56825
1555572280.32964,71.10782
1555572281.18905,69.81495
1555572282.07972,67.3653
1555572283.00164,65.08173
1555572283.81417,73.84273
1555572284.72046,66.20383
1555572285.64238,65.08173
1555572286.54867,66.20383
1555572287.37684,72.44947
1555572288.25188,68.56825
1555572289.15817,66.20383
1555572290.00196,71.10782
1555572290.8145,73.84273
1555572291.67391,69.81495
1555572292.53333,69.81496
1555572293.33024,75.29063
1555572294.17403,71.10782
1555572295.06469,67.3653
1555572295.95536,67.3653
1555572296.78352,72.44947
1555572297.67419,67.3653
1555572298.54923,68.56825
1555572299.37739,72.44947
1555572300.18993,73.84273
1555572301.03372,71.10782
1555572301.90876,68.56825
1555572302.75255,71.10782
1555572303.56509,73.84275
1555572304.45575,67.3653
1555572305.33079,68.56825
1555572306.17458,71.10782
1555572306.94024,78.36371
1555572307.73716,75.29063
1555572308.54969,73.84273
1555572309.31535,78.36374
1555572310.11227,75.29063
1555572310.9248,73.84273
1555572311.76859,71.10782
1555572312.58113,73.84273
1555572313.40929,72.44947
1555572314.28433,68.56825
1555572315.19063,66.20383
1555572316.01879,72.44947
1555572316.89383,68.56827
1555572317.75324,69.81495
1555572318.61266,69.81495
1555572319.40957,75.29063
1555572320.23773,72.44947
1555572321.03465,75.29063
1555572321.83156,75.29063
1555572322.61284,76.79646
1555572323.44101,72.44947
1555572324.33167,67.3653
1555572325.25359,65.08173
1555572326.11301,69.81495
1555572327.0193,66.20383
1555572327.94122,65.08173
1555572328.78501,71.10782
1555572329.6913,66.20383
1555572330.61322,65.08173
1555572331.55076,63.99702
1555572342.48877,71.10782
1555572347.44212,71.10783
1555572348.17653,81.69833
1555572348.94219,78.36371
1555572349.7391,75.29063
1555572350.50476,78.36374
1555572351.19229,87.26867
1555572352.09859,66.20383
1555572363.86476,76.79644
1555572364.55229,87.2687
1555572365.4117,69.81495
1555572375.80281,73.84273
1555572376.52159,83.47441
1555572377.3185,75.29063
1555572378.05291,81.69833
1555572378.8342,76.79646
1555572379.49048,91.42432
1555572380.20926,83.47439
1555572390.56912,65.08173
1555572391.42853,69.81495
1555572392.36608,63.99704
1555572393.3505,60.94956
1555572394.27241,65.08173
1555572395.16308,67.3653
1555572404.69477,76.79644
1555572405.42918,81.69836
1555572406.16359,81.69833
1555572406.91362,79.99628
1555572420.55488,81.69833
1555572421.32054,78.36374
1555572422.1487,72.44947
1555572423.00812,69.81495
1555572423.89879,67.3653
1555572424.78945,67.3653
1555572425.64887,69.81495
1555572426.49266,71.10782
1555572427.33644,71.10782
1555572428.21149,68.56825
1555572429.10215,67.3653
1555572429.96157,69.81495
1555572430.83661,68.56825
1555572431.71165,68.56825
1555572432.60231,67.3653
1555572433.43048,72.44947
1555572434.27427,71.10782
1555572435.13368,69.81495
1555572435.9931,69.81495
1555572436.85251,69.81496
1555572437.74318,67.3653
1555572438.66509,65.08172
1555572439.60264,63.99704
1555572440.4308,72.44947
1555572441.32147,67.3653
1555572442.22776,66.20383
1555572443.11843,67.3653
1555572444.02472,66.20383
1555572444.94664,65.08173
1555572445.86855,65.08173
1555572446.71234,71.10782
1555572447.57176,69.81495
1555572448.4468,68.56825
1555572449.35309,66.20383
1555572450.16563,73.84273
1555572451.04067,68.56825
1555572451.91571,68.56827
1555572452.79075,68.56825
1555572453.63454,71.10782
1555572454.49395,69.81495
1555572455.36899,68.56825
1555572456.21278,71.10782
1555572456.21278,71.10782
1555572457.05657,71.10782
1555572457.90036,71.10782
1555572458.74415,71.10782
1555572488.02676,68.56825
1555572488.94867,65.08173
1555572489.77684,72.44947
1555572490.63625,69.81495
1555572491.52692,67.3653
1555572492.40196,68.56825
1555572493.2145,73.84273
1555572494.12079,66.20383
1555572494.9177,75.29063
1555572495.74586,72.44949
1555572496.54277,75.29063
1555572497.35531,73.84273
1555572498.1991,71.10782
1555572499.08977,67.3653
1555572499.96481,68.56825
1555572500.79297,72.44947
1555572501.65239,69.81495
1555572502.55868,66.20383
1555572503.4806,65.08173
1555572504.35564,68.56825
1555572505.1838,72.44947
1555572506.05884,68.56825
1555572506.91826,69.81495
1555572507.7933,68.56825
1555572508.63709,71.10782
1555572509.54338,66.20383
1555572510.48092,63.99704
1555572511.37159,67.3653
1555572512.21538,71.10782
1555572520.35638,69.81495
1555572521.21579,69.81495
1555572521.98145,78.36371
1555572522.80962,72.44947
1555572523.63778,72.44949
1555572524.49719,69.81495
1555572525.24723,79.99628
1555572526.1379,67.3653
1555572526.93481,75.29063
1555572527.74735,73.84273
1555572528.55988,73.84273
1555572529.35679,75.29065
1555572530.15371,75.29063
1555572531.01312,69.81495
1555572531.85691,71.10782
1555572532.7632,66.20383
1555572533.63824,68.56825
1555572534.51328,68.56825
1555572535.34145,72.44947
1555572536.20086,69.81495
1555572537.09153,67.3653
1555572537.96657,68.56825
1555572538.79473,72.44947
1555572539.56039,78.36374
1555572540.38856,72.44947
1555572541.21672,72.44947
1555572541.98238,78.36371
1555572542.77929,75.29063
1555572543.62308,71.10782
1555572544.46687,71.10782
1555572554.35795,72.44947
1555572555.17049,73.84273
1555572556.02991,69.81495
1555572556.96745,63.99704
1555572570.09306,73.84275
1555572592.81286,83.47439
1555572593.53164,83.47441
1555572594.2973,78.36371
1555572595.07859,76.79644
1555572595.85987,76.79644
1555572596.62553,78.36374
1555572597.40682,76.79644
1555572598.20373,75.29063
1555572599.0319,72.44947
1555572599.84443,73.84273
1555572600.68822,71.10782
1555572601.56326,68.56825
1555572602.45393,67.3653
1555572603.32897,68.56825
1555572604.18838,69.81496
1555572605.0478,69.81495
1555572605.86034,73.84273
1555572606.70413,71.10782
1555572607.36041,91.42432
1555572608.21982,69.81495
1555572608.8761,91.42435
1555572609.54801,89.29817
1555572610.26679,83.47441
1555572610.9387,89.29817
1555572611.62623,87.2687
1555572612.28251,91.42432
1555572613.03254,79.99632
1555572629.64269,72.44947
1555572630.4396,75.29063
1555572641.01822,79.99628
1555572641.83075,73.84275
1555572642.62767,75.29063
1555572667.0663,69.81496
1555572667.83196,78.36371
1555572668.75388,65.08173
1555572669.55079,75.29063
1555572670.4727,65.08173
1555572671.42587,62.94791
1555572672.37904,62.94791
1555572673.31659,63.99702
1555572674.051,81.69836
1555572674.91041,69.81495
1555572692.23934,71.10782
1555572693.02062,76.79644
1555572693.89566,68.56825
1555572694.69258,75.29063
1555572700.84911,83.47439
1555572701.64602,75.29063
1555572702.39606,79.99632
1555572703.17734,76.79644
1555572703.943,78.36371
1555572704.73992,75.29063
1555572705.58371,71.10783
1555572706.41187,72.44947
1555572707.20878,75.29063
1555572708.03694,72.44947
1555572708.86511,72.44947
1555572709.67765,73.84273
1555572710.47456,75.29063
1555572711.30272,72.44949
1555572712.14651,71.10782
1555572712.95905,73.84273
1555572713.78721,72.44947
1555572714.64663,69.81495
1555572715.50604,69.81495
1555572716.3342,72.44947
1555572717.20924,68.56825
1555572718.09991,67.3653
1555572719.0062,66.20383
1555572719.84999,71.10782
1555572720.72503,68.56825
1555572721.58445,69.81495
1555572722.47511,67.3653
1555572723.30328,72.44947
1555572724.17832,68.56827
1555572725.06898,67.36528
1555572725.95965,67.3653
1555572726.80344,71.10783
1555572727.70973,66.20383
1555572728.64727,63.99702
1555572729.63169,60.94956
1555572730.56924,63.99704
1555572731.4599,67.3653
1555572732.3662,66.20383
1555572741.21036,83.47439
1555572742.06977,69.81495
1555572742.81981,79.99628
1555572755.77353,66.20383
1555572756.67982,66.20383
1555572763.50826,69.81495
1555572764.39893,67.3653
1555572765.30522,66.20383
1555572766.13338,72.44947
1555572766.9928,69.81495
1555572767.85221,69.81495
1555572768.72726,68.56825
1555572769.57104,71.10782
1555572770.47734,66.20383
1555572771.39925,65.08173
1555572772.25867,69.81495
1555572773.11808,69.81495
1555572774.00875,67.3653
1555572774.89942,67.3653
1555572775.77446,68.56825
1555572776.61825,71.10782
1555572777.49329,68.56825
1555572778.36833,68.56825
1555572779.16524,75.29063
1555572779.91527,79.99632
1555572780.69656,76.79644
1555572781.52472,72.44947
1555572782.43101,66.20383
1555572783.30606,68.56825
1555572808.97912,101.048
1555572809.58852,98.45699
1555572810.19793,98.45695
1555572810.82295,95.99557
1555572811.47924,91.42432
1555572812.22927,79.99632
1555572812.9168,87.26867
1555572813.61996,85.32937
1555572814.38562,78.36374
1555572815.15128,78.36371
1555572815.87006,83.47439
1555572816.6201,79.99632
1555572817.37013,79.99628
1555572818.13579,78.36371
1555572818.88583,79.99632
1555572819.71399,72.44947
1555572820.43277,83.47439
1555572821.04218,98.45699
1555572826.07366,76.79644
1555572878.85736,76.79644
1555572879.65427,75.29063
1555572880.45118,75.29065
1555572881.23247,76.79644
1555572881.99813,78.36371
1555572882.77941,76.79644
1555572883.5607,76.79644
1555572884.31073,79.99632
1555572896.23316,71.10782
1555572897.09257,69.81495
1555572897.96762,68.56825
1555572898.84266,68.56825
